{
  "centerline_length_px": 2778.0,
  "branch_points": 189,
  "endpoints": 176,
  "tortuosity_proxy_mean": 1.66599714624669,
  "tortuosity_proxy_max": 3.162277660168379
}