{
  "centerline_length_px": 3796.0,
  "branch_points": 274,
  "endpoints": 198,
  "tortuosity_proxy_mean": 1.690936003310547,
  "tortuosity_proxy_max": 2.23606797749979
}