{
  "centerline_length_px": 1640.0,
  "branch_points": 114,
  "endpoints": 157,
  "tortuosity_proxy_mean": 1.7031244359631392,
  "tortuosity_proxy_max": 2.1213203435596424
}