{
  "centerline_length_px": 2813.0,
  "branch_points": 204,
  "endpoints": 120,
  "tortuosity_proxy_mean": 1.7119522973807608,
  "tortuosity_proxy_max": 2.9068883707497264
}