{
  "centerline_length_px": 2188.0,
  "branch_points": 99,
  "endpoints": 137,
  "tortuosity_proxy_mean": 1.6951989587218028,
  "tortuosity_proxy_max": 2.1213203435596424
}